"Random List","Ordered List","Partially Ordered List","Reversed List",
"0.07077099999999999","0.0024800000000000004","0.004257","0.017385999999999995",
"0.033226","0.0033799999999999998","0.01748","0.084919",
"0.17188399999999998","0.003144","0.058448","0.324378",
"0.504656","0.007493999999999998","0.176718","1.020783",
"2.3356280000000003","0.010398000000000001","0.8671989999999999","3.837909",
